{
  "latest_epoch": {
    "epoch": 70,
    "phase": 2,
    "timestamp": "2025-08-06T09:41:04.945055",
    "train_loss": 1.0310366618482372,
    "val_loss": 9.999475652521307,
    "learning_rate": 0.0,
    "val_map50": 0.0,
    "val_map50_95": 0.0,
    "val_precision": 0.7483540774672329,
    "val_recall": 0.685131195335277,
    "val_f1": 0.6928286489342045,
    "val_accuracy": 0.685131195335277,
    "val_map50_precision": 0.0,
    "val_map50_recall": 0.0,
    "val_map50_f1": 0.0,
    "val_map50_accuracy": 0.0,
    "layer_1_accuracy": 0.9628164556962026,
    "layer_1_precision": 0.9641165832022931,
    "layer_1_recall": 0.9628164556962026,
    "layer_1_f1": 0.9626138471189262,
    "layer_2_accuracy": 0.48132911392405064,
    "layer_2_precision": 0.7850732305906836,
    "layer_2_recall": 0.48132911392405064,
    "layer_2_f1": 0.4074342628059494,
    "layer_3_accuracy": 0.09984177215189874,
    "layer_3_precision": 1.0,
    "layer_3_recall": 0.09984177215189874,
    "layer_3_f1": 0.1815566105596317,
    "additional_metrics": {
      "train_num_targets": 34.0,
      "train_layer_3_total_loss": 0.0,
      "train_layer_1_box_loss": 0.5,
      "train_layer_1_obj_loss": 0.010286662727594376,
      "train_layer_1_cls_loss": 0.012110200710594654,
      "train_layer_1_total_loss": 0.5223968625068665,
      "train_layer_2_box_loss": 0.5,
      "train_layer_2_obj_loss": 0.010670443065464497,
      "train_layer_2_cls_loss": 0.006293628364801407,
      "train_layer_2_total_loss": 0.5169640779495239,
      "val_layer_2_obj_loss": 4.1625214056535205,
      "val_layer_1_obj_loss": 4.162502440539273,
      "val_layer_1_total_loss": 4.992494323036888,
      "val_layer_1_box_loss": 0.5,
      "val_layer_2_box_loss": 0.5,
      "val_layer_2_total_loss": 5.006981156089089,
      "val_layer_3_total_loss": 0.0,
      "val_layer_1_cls_loss": 0.32999187301505695,
      "val_layer_2_cls_loss": 0.3444597843018445,
      "val_num_targets": 34.04545454545455
    }
  },
  "session_id": null,
  "total_epochs": 70,
  "file_paths": {
    "metrics": "outputs/metrics_history_efficientnet_b4_data_phase2.json",
    "phase_summary": "outputs/phase_summary_efficientnet_b4_data.json"
  }
}